Workbook
Name ColumnTitle1: List[[#Headers],[Done]]
Name GroceryTotal: calculations!$L$4
Name TableAnchor: List[[#Headers],[Done]]

Sheet Grocery List
M1: =calculations!M9 -> DAIRY TOTAL
B2: Grocery List
C3: Done | D3: ITEM | E3: STORE | F3: CATEGORY | G3: QTY | H3: UNIT | I3: UNIT PRICE | J3: TOTAL | K3: COMMENT | M3: =calculations!L9 -> 37
C4: 1 | D4: Oranges | E4: Grocery | F4: Produce | G4: 2 | H4: lbs | I4: 2.99 | J4: =IFERROR(List[[#This Row],[QTY]]*List[[#This Row],[UNIT PRICE]],"") -> 5.98 | M4: =calculations!M8 -> PRODUCE TOTAL
D5: Apples | E5: Orchard | F5: Produce | G5: 3 | H5: lbs | I5: 1.99 | J5: =IFERROR(List[[#This Row],[QTY]]*List[[#This Row],[UNIT PRICE]],"") -> 5.97 | K5: Have coupon | M5: =calculations!L8 -> 45
D6: Bananas | E6: Grocery | F6: Produce | G6: 1 | H6: bunch | I6: 3.99 | J6: =IFERROR(List[[#This Row],[QTY]]*List[[#This Row],[UNIT PRICE]],"") -> 3.99
D7: Lettuce | E7: Market | F7: Produce | G7: 2 | H7: head | I7: 2.29 | J7: =IFERROR(List[[#This Row],[QTY]]*List[[#This Row],[UNIT PRICE]],"") -> 4.58 | M7: =calculations!M7 -> MEAT TOTAL
D8: Tomatoes | E8: Market | F8: Produce | G8: 4 | H8: lbs | I8: 3.49 | J8: =IFERROR(List[[#This Row],[QTY]]*List[[#This Row],[UNIT PRICE]],"") -> 13.96 | M8: =calculations!L7 -> 80
D9: Squash | E9: Market | F9: Produce | G9: 2 | H9: each | I9: 1.5 | J9: =IFERROR(List[[#This Row],[QTY]]*List[[#This Row],[UNIT PRICE]],"") -> 3
D10: Celery | E10: Grocery | F10: Produce | G10: 2 | H10: bunch | I10: 1.99 | J10: =IFERROR(List[[#This Row],[QTY]]*List[[#This Row],[UNIT PRICE]],"") -> 3.98 | M10: =calculations!M6 -> SEAFOOD TOTAL
D11: Cucumber | E11: Market | F11: Produce | G11: 1 | H11: lbs | I11: 2.29 | J11: =IFERROR(List[[#This Row],[QTY]]*List[[#This Row],[UNIT PRICE]],"") -> 2.29 | M11: =calculations!L6 -> 109
D12: Mushrooms | E12: Grocery | F12: Produce | G12: 0.5 | H12: lbs | I12: 2.25 | J12: =IFERROR(List[[#This Row],[QTY]]*List[[#This Row],[UNIT PRICE]],"") -> 1.125 | K12: Large portabella
D13: Milk | E13: Home Delivery | F13: Dairy | G13: 2 | H13: gal | I13: 3.99 | J13: =IFERROR(List[[#This Row],[QTY]]*List[[#This Row],[UNIT PRICE]],"") -> 7.98 | M13: =calculations!M3 -> OTHER TOTAL
D14: Cheese | E14: Home Delivery | F14: Dairy | G14: 1 | H14: lbs | I14: 9.99 | J14: =IFERROR(List[[#This Row],[QTY]]*List[[#This Row],[UNIT PRICE]],"") -> 9.99 | K14: Variety of block cheeses | M14: =calculations!L3 -> 0
D15: Eggs | E15: Home Delivery | F15: Dairy | G15: 2 | H15: doz | I15: 3.5 | J15: =IFERROR(List[[#This Row],[QTY]]*List[[#This Row],[UNIT PRICE]],"") -> 7
D16: Cottage cheese | E16: Home Delivery | F16: Dairy | G16: 1 | H16: 16 oz | I16: 3.89 | J16: =IFERROR(List[[#This Row],[QTY]]*List[[#This Row],[UNIT PRICE]],"") -> 3.89 | M16: =calculations!M6 -> SEAFOOD TOTAL
D17: Sour cream | E17: Home Delivery | F17: Dairy | G17: 1 | H17: 8 oz | I17: 2.99 | J17: =IFERROR(List[[#This Row],[QTY]]*List[[#This Row],[UNIT PRICE]],"") -> 2.99 | M17: =GroceryTotal -> 271
D18: Yogurt | E18: Grocery | F18: Dairy | G18: 1 | H18: 16 oz | I18: 4.99 | J18: =IFERROR(List[[#This Row],[QTY]]*List[[#This Row],[UNIT PRICE]],"") -> 4.99 | K18: Greek with honey
D19: Beef | E19: Market | F19: Meat | G19: 10 | H19: lbs | I19: 7.99 | J19: =IFERROR(List[[#This Row],[QTY]]*List[[#This Row],[UNIT PRICE]],"") -> 79.9 | K19: Bacon wrapped filets
D20: Wild Salmon | E20: Fish Market | F20: Seafood | G20: 6 | H20: lbs | I20: 8.99 | J20: =IFERROR(List[[#This Row],[QTY]]*List[[#This Row],[UNIT PRICE]],"") -> 53.94
D21: Alaskan King Crab Legs | E21: Fish Market | F21: Seafood | G21: 5 | H21: lbs | I21: 10.99 | J21: =IFERROR(List[[#This Row],[QTY]]*List[[#This Row],[UNIT PRICE]],"") -> 54.95

Sheet calculations
A1: *** Sheet to remain hidden ***
K3: =SUM(List[TOTAL])-SUM(K6:K9) -> 0 | L3: =ROUND(K3,0) -> 0 | M3: OTHER TOTAL
L4: =ROUNDUP(SUM(List[TOTAL]),0) -> 271 | M4: GROCERY TOTAL
E6: {=IFERROR(INDEX(List[CATEGORY],MATCH(,COUNTIF($E$5:E5,List[CATEGORY]),)),"")} -> Produce | F6: =SUMIFS(List[TOTAL],List[CATEGORY],E6) -> 44.875 | G6: =F6+ROW()/1000000 -> 44.875006 | H6: =LARGE($G$6:$G$21,1) -> 108.89001 | I6: =MATCH(H6,$G$6:$G$21,0) -> 4 | J6: =INDEX($E$6:$E$21,$I6) -> Seafood | K6: =INDEX($F$6:$F$21,$I6) -> 108.89 | L6: =ROUND(K6,0) -> 109 | M6: =UPPER(J6) & " TOTAL" -> SEAFOOD TOTAL
E7: {=IFERROR(INDEX(List[CATEGORY],MATCH(,COUNTIF($E$5:E6,List[CATEGORY]),)),"")} -> Dairy | F7: =SUMIFS(List[TOTAL],List[CATEGORY],E7) -> 36.84 | G7: =F7+ROW()/1000000 -> 36.840007 | H7: =LARGE($G$6:$G$21,2) -> 79.900008 | I7: =MATCH(H7,$G$6:$G$21,0) -> 3 | J7: =INDEX($E$6:$E$21,$I7) -> Meat | K7: =INDEX($F$6:$F$21,$I7) -> 79.9 | L7: =ROUND(K7,0) -> 80 | M7: =UPPER(J7) & " TOTAL" -> MEAT TOTAL
E8: {=IFERROR(INDEX(List[CATEGORY],MATCH(,COUNTIF($E$5:E7,List[CATEGORY]),)),"")} -> Meat | F8: =SUMIFS(List[TOTAL],List[CATEGORY],E8) -> 79.9 | G8: =F8+ROW()/1000000 -> 79.900008 | H8: =LARGE($G$6:$G$21,3) -> 44.875006 | I8: =MATCH(H8,$G$6:$G$21,0) -> 1 | J8: =INDEX($E$6:$E$21,$I8) -> Produce | K8: =INDEX($F$6:$F$21,$I8) -> 44.875 | L8: =ROUND(K8,0) -> 45 | M8: =UPPER(J8) & " TOTAL" -> PRODUCE TOTAL
E9: {=IFERROR(INDEX(List[CATEGORY],MATCH(,COUNTIF($E$5:E8,List[CATEGORY]),)),"")} -> Seafood | F9: =SUMIFS(List[TOTAL],List[CATEGORY],E9) -> 108.89 | G9: =F9+ROW()/1000000 -> 108.89001 | H9: =LARGE($G$6:$G$21,4) -> 36.840007 | I9: =MATCH(H9,$G$6:$G$21,0) -> 2 | J9: =INDEX($E$6:$E$21,$I9) -> Dairy | K9: =INDEX($F$6:$F$21,$I9) -> 36.84 | L9: =ROUND(K9,0) -> 37 | M9: =UPPER(J9) & " TOTAL" -> DAIRY TOTAL
E10: {=IFERROR(INDEX(List[CATEGORY],MATCH(,COUNTIF($E$5:E9,List[CATEGORY]),)),"")} | F10: =SUMIFS(List[TOTAL],List[CATEGORY],E10) -> 0 | G10: =F10+ROW()/1000000 -> 1e-05
E11: {=IFERROR(INDEX(List[CATEGORY],MATCH(,COUNTIF($E$5:E10,List[CATEGORY]),)),"")} | F11: =SUMIFS(List[TOTAL],List[CATEGORY],E11) -> 0 | G11: =F11+ROW()/1000000 -> 1.1e-05
E12: {=IFERROR(INDEX(List[CATEGORY],MATCH(,COUNTIF($E$5:E11,List[CATEGORY]),)),"")} | F12: =SUMIFS(List[TOTAL],List[CATEGORY],E12) -> 0 | G12: =F12+ROW()/1000000 -> 1.2e-05
E13: {=IFERROR(INDEX(List[CATEGORY],MATCH(,COUNTIF($E$5:E12,List[CATEGORY]),)),"")} | F13: =SUMIFS(List[TOTAL],List[CATEGORY],E13) -> 0 | G13: =F13+ROW()/1000000 -> 1.3e-05
E14: {=IFERROR(INDEX(List[CATEGORY],MATCH(,COUNTIF($E$5:E13,List[CATEGORY]),)),"")} | F14: =SUMIFS(List[TOTAL],List[CATEGORY],E14) -> 0 | G14: =F14+ROW()/1000000 -> 1.4e-05
E15: {=IFERROR(INDEX(List[CATEGORY],MATCH(,COUNTIF($E$5:E14,List[CATEGORY]),)),"")} | F15: =SUMIFS(List[TOTAL],List[CATEGORY],E15) -> 0 | G15: =F15+ROW()/1000000 -> 1.5e-05
E16: {=IFERROR(INDEX(List[CATEGORY],MATCH(,COUNTIF($E$5:E15,List[CATEGORY]),)),"")} | F16: =SUMIFS(List[TOTAL],List[CATEGORY],E16) -> 0 | G16: =F16+ROW()/1000000 -> 1.6e-05
E17: {=IFERROR(INDEX(List[CATEGORY],MATCH(,COUNTIF($E$5:E16,List[CATEGORY]),)),"")} | F17: =SUMIFS(List[TOTAL],List[CATEGORY],E17) -> 0 | G17: =F17+ROW()/1000000 -> 1.7e-05
E18: {=IFERROR(INDEX(List[CATEGORY],MATCH(,COUNTIF($E$5:E17,List[CATEGORY]),)),"")} | F18: =SUMIFS(List[TOTAL],List[CATEGORY],E18) -> 0 | G18: =F18+ROW()/1000000 -> 1.8e-05
E19: {=IFERROR(INDEX(List[CATEGORY],MATCH(,COUNTIF($E$5:E18,List[CATEGORY]),)),"")} | F19: =SUMIFS(List[TOTAL],List[CATEGORY],E19) -> 0 | G19: =F19+ROW()/1000000 -> 1.9e-05
E20: {=IFERROR(INDEX(List[CATEGORY],MATCH(,COUNTIF($E$5:E19,List[CATEGORY]),)),"")} | F20: =SUMIFS(List[TOTAL],List[CATEGORY],E20) -> 0 | G20: =F20+ROW()/1000000 -> 2e-05
E21: {=IFERROR(INDEX(List[CATEGORY],MATCH(,COUNTIF($E$5:E20,List[CATEGORY]),)),"")} | F21: =SUMIFS(List[TOTAL],List[CATEGORY],E21) -> 0 | G21: =F21+ROW()/1000000 -> 2.1e-05
